AMR_Gene_Family	ARO	ARO_Name	Drug_Class	Resistance_Mechanism	SRR10842836	SRR10842837	SRR10842838	SRR10842839	SRR10842840	SRR10842841	SRR10842842	SRR10842843	SRR10842844	SRR10842845	SRR10842846	SRR10842847	SRR10842848	SRR10842849	SRR10842850	SRR10842851	SRR10842852	SRR10842853	SRR10842854	SRR10842855	SRR10842856	SRR10842857	SRR10842858	SRR10842859	SRR10842860	SRR10842861	SRR10842862	SRR10842863	SRR10842864	SRR10842865	SRR10842866	SRR10842867	SRR10842868	SRR10842869	SRR10842870	SRR10842871
16S rRNA with mutation conferring resistance to tetracycline derivatives	ARO_3003411__Ecol_16S_TET__R__a964g	Escherichia coli 16S rRNA (rrnB) mutation conferring resistance to tetracycline	aminoglycoside antibiotic;glycopeptide antibiotic;glycylcycline;nucleoside antibiotic;peptide antibiotic;tetracycline antibiotic	antibiotic target alteration	24015.52	0	0	0	0.0	0.0	0.0	0.0	0.0	0.0	0.0	0.0	0.0	0.0	0.0	0	0.0	0.0	0.0	0.0	0.0	0.0	0.0	0.0	0	0.0	0.0	0.0	0.0	0.0	0.0	0	0.0	0.0	0	0
16s rRNA with mutation conferring resistance to aminoglycoside antibiotics	ARO_3003333__Ecol_16rrsC_KAS__R__a794g	Escherichia coli 16S rRNA (rrsC) mutation conferring resistance to kasugamicin	aminoglycoside antibiotic;glycopeptide antibiotic;glycylcycline;nucleoside antibiotic;peptide antibiotic;tetracycline antibiotic	antibiotic target alteration	0.0	0	0	0	0.0	0.0	0.0	22709.93	0.0	0.0	0.0	0.0	0.0	0.0	0.0	0	0.0	0.0	0.0	0.0	0.0	0.0	0.0	0.0	0	0.0	0.0	0.0	0.0	0.0	0.0	0	0.0	0.0	0	0
16s rRNA with mutation conferring resistance to aminoglycoside antibiotics	ARO_3003333__Ecol_16rrsC_KAS__R__g926a	Escherichia coli 16S rRNA (rrsC) mutation conferring resistance to kasugamicin	aminoglycoside antibiotic;glycopeptide antibiotic;glycylcycline;nucleoside antibiotic;peptide antibiotic;tetracycline antibiotic	antibiotic target alteration	0.0	0	0	0	0.0	0.0	0.0	0.0	0.0	0.0	0.0	0.0	0.0	0.0	0.0	0	0.0	0.0	0.0	16767.68	0.0	0.0	0.0	0.0	0	0.0	0.0	0.0	0.0	0.0	0.0	0	0.0	0.0	0	0
16s rRNA with mutation conferring resistance to aminoglycoside antibiotics	ARO_3003333__Ecol_16rrsC_KAS__R__g926t	Escherichia coli 16S rRNA (rrsC) mutation conferring resistance to kasugamicin	aminoglycoside antibiotic;glycopeptide antibiotic;glycylcycline;nucleoside antibiotic;peptide antibiotic;tetracycline antibiotic	antibiotic target alteration	0.0	0	0	0	0.0	0.0	0.0	0.0	0.0	0.0	0.0	0.0	0.0	0.0	0.0	0	0.0	0.0	18572.05	0.0	0.0	0.0	0.0	0.0	0	0.0	0.0	0.0	19250.95	0.0	0.0	0	0.0	24509.66	0	0
16s rRNA with mutation conferring resistance to aminoglycoside antibiotics	ARO_3003376__Ecol_16rrsB_SPT__R__c1192a	Escherichia coli 16S rRNA (rrsB) mutation conferring resistance to spectinomycin	aminoglycoside antibiotic;glycopeptide antibiotic;glycylcycline;nucleoside antibiotic;peptide antibiotic;tetracycline antibiotic	antibiotic target alteration	0.0	0	0	0	0.0	0.0	0.0	0.0	0.0	0.0	0.0	0.0	0.0	0.0	0.0	0	0.0	0.0	0.0	0.0	0.0	0.0	0.0	0.0	0	0.0	0.0	0.0	0.0	0.0	0.0	0	25388.15	0.0	0	0
16s rRNA with mutation conferring resistance to aminoglycoside antibiotics	ARO_3003376__Ecol_16rrsB_SPT__R__g1064t	Escherichia coli 16S rRNA (rrsB) mutation conferring resistance to spectinomycin	aminoglycoside antibiotic;glycopeptide antibiotic;glycylcycline;nucleoside antibiotic;peptide antibiotic;tetracycline antibiotic	antibiotic target alteration	0.0	0	0	0	0.0	15432.57	0.0	0.0	0.0	0.0	0.0	0.0	0.0	0.0	0.0	0	0.0	0.0	0.0	0.0	0.0	0.0	0.0	0.0	0	0.0	0.0	0.0	0.0	0.0	0.0	0	0.0	0.0	0	0
16s rRNA with mutation conferring resistance to aminoglycoside antibiotics	ARO_3003396_3003399_3003402_3003403__Ecol_16S_GENC__R__a1408g	Escherichia coli 16S rRNA (rrsB) mutation conferring resistance to gentamicin C;Escherichia coli 16S rRNA (rrsB) mutation conferring resistance to kanamycin A;Escherichia coli 16S rRNA (rrsB) mutation conferring resistance to neomycin;Escherichia coli 16S rRNA (rrsB) mutation conferring resistance to paromomycin	aminoglycoside antibiotic;glycopeptide antibiotic;glycylcycline;nucleoside antibiotic;peptide antibiotic;tetracycline antibiotic	antibiotic target alteration	0.0	0	0	0	0.0	0.0	0.0	0.0	0.0	0.0	0.0	0.0	0.0	0.0	0.0	0	0.0	0.0	0.0	0.0	0.0	21670.98	0.0	0.0	0	0.0	0.0	0.0	0.0	0.0	0.0	0	0.0	0.0	0	0
16s rRNA with mutation conferring resistance to aminoglycoside antibiotics	ARO_3003436__Mtub_16S_KAN__R__c1402a	Mycobacterium tuberculosis 16S rRNA mutation conferring resistance to kanamycin	aminoglycoside antibiotic;glycopeptide antibiotic;glycylcycline;nucleoside antibiotic;peptide antibiotic;tetracycline antibiotic	antibiotic target alteration	0.0	0	0	0	0.0	0.0	21109.41	0.0	0.0	0.0	31467.41	0.0	0.0	91607.01	0.0	0	17866.22	57480.64	0.0	16822.22	0.0	0.0	0.0	0.0	0	0.0	0.0	0.0	0.0	0.0	0.0	0	0.0	49178.78	0	0
16s rRNA with mutation conferring resistance to aminoglycoside antibiotics	ARO_3003480__Mtub_16S_STR__R__a906g	Mycobacterium tuberculosis 16S rRNA mutation conferring resistance to streptomycin	aminoglycoside antibiotic;glycopeptide antibiotic;glycylcycline;nucleoside antibiotic;peptide antibiotic;tetracycline antibiotic	antibiotic target alteration	0.0	0	0	0	0.0	15482.77	0.0	0.0	0.0	0.0	0.0	0.0	0.0	0.0	0.0	0	0.0	0.0	0.0	0.0	0.0	0.0	0.0	0.0	0	0.0	0.0	0.0	0.0	0.0	0.0	0	0.0	0.0	0	0
16s rRNA with mutation conferring resistance to aminoglycoside antibiotics	ARO_3003515__Mche_16S_KAN__R__a1408g	Mycobacteroides chelonae 16S rRNA mutation conferring resistance to kanamycin A	aminoglycoside antibiotic;glycopeptide antibiotic;glycylcycline;nucleoside antibiotic;peptide antibiotic;tetracycline antibiotic	antibiotic target alteration	0.0	0	0	0	0.0	0.0	0.0	0.0	0.0	0.0	0.0	0.0	0.0	0.0	0.0	0	0.0	0.0	0.0	17942.93	0.0	0.0	0.0	55197.88	0	0.0	0.0	0.0	0.0	0.0	0.0	0	0.0	0.0	0	0
16s rRNA with mutation conferring resistance to aminoglycoside antibiotics	ARO_3007536_3007537__Mtub_16rrnS_AMK__R__c462t	Mycobacterium tuberculosis 16S rRNA (rrnS) mutation conferring resistance to amikacin;Mycobacterium tuberculosis 16S rRNA (rrnS) mutation conferring resistance to kanamycin	aminoglycoside antibiotic;glycopeptide antibiotic;glycylcycline;nucleoside antibiotic;peptide antibiotic;tetracycline antibiotic	antibiotic target alteration	0.0	0	0	0	0.0	0.0	0.0	0.0	0.0	0.0	0.0	0.0	0.0	0.0	0.0	0	0.0	0.0	0.0	0.0	0.0	0.0	0.0	0.0	0	0.0	0.0	22225.93	0.0	0.0	0.0	0	0.0	0.0	0	0
16s rRNA with mutation conferring resistance to aminoglycoside antibiotics;16s rRNA with mutation conferring resistance to peptide antibiotics	ARO_3003543_3003546__Msme_16rrsA_KAN__R__g1475t_t1389a	Mycolicibacterium smegmatis 16S rRNA (rrsA) mutation conferring resistance to kanamycin A;Mycolicibacterium smegmatis 16S rRNA (rrsA) mutation conferring resistance to viomycin	aminoglycoside antibiotic;glycopeptide antibiotic;glycylcycline;nucleoside antibiotic;peptide antibiotic;tetracycline antibiotic	antibiotic target alteration	0.0	0	0	0	25932.93	0.0	0.0	0.0	0.0	0.0	0.0	0.0	0.0	0.0	0.0	0	0.0	0.0	0.0	0.0	0.0	0.0	0.0	0.0	0	0.0	0.0	0.0	0.0	0.0	0.0	0	0.0	0.0	0	0
16s rRNA with mutation conferring resistance to peptide antibiotics	ARO_3003547__Msme_16rrsB_VIO__R__g1475t	Mycolicibacterium smegmatis 16S rRNA (rrsB) mutation conferring resistance to viomycin	aminoglycoside antibiotic;glycopeptide antibiotic;glycylcycline;nucleoside antibiotic;peptide antibiotic;tetracycline antibiotic	antibiotic target alteration	0.0	0	0	0	0.0	46721.91	84934.99	0.0	0.0	0.0	0.0	0.0	0.0	46073.29	0.0	0	0.0	0.0	0.0	16921.31	529401.28	677955.72	0.0	0.0	0	19751.84	107639.44	111784.22	19427.33	77632.77	89978.43	0	128103.84	0.0	0	0
23S rRNA with mutation conferring resistance to macrolide antibiotics	ARO_3004131__Ecol_23S_MULT__R__c2611t	Escherichia coli 23S rRNA with mutation conferring resistance to erythromycin and telithromycin	glycopeptide antibiotic;lincosamide antibiotic;macrolide antibiotic;phenicol antibiotic;pleuromutilin antibiotic;streptogramin A antibiotic;streptogramin B antibiotic;streptogramin antibiotic	antibiotic target alteration	0.0	0	0	0	0.0	0.0	0.0	0.0	0.0	0.0	0.0	0.0	0.0	0.0	0.0	0	0.0	0.0	0.0	0.0	0.0	11507.11	0.0	0.0	0	0.0	0.0	0.0	0.0	0.0	0.0	0	0.0	0.0	0	0
23S rRNA with mutation conferring resistance to macrolide antibiotics	ARO_3004161__Prop_23S_MAC__R__g2294a_g2295a	Propionibacteria 23S rRNA with mutation conferring resistance to macrolide antibiotics	glycopeptide antibiotic;lincosamide antibiotic;macrolide antibiotic;phenicol antibiotic;pleuromutilin antibiotic;streptogramin A antibiotic;streptogramin B antibiotic;streptogramin antibiotic	antibiotic target alteration	0.0	0	0	0	0.0	0.0	0.0	0.0	0.0	0.0	0.0	0.0	0.0	0.0	0.0	0	0.0	0.0	0.0	0.0	24970.68	53296.1	0.0	0.0	0	0.0	0.0	0.0	0.0	0.0	0.0	0	0.0	0.0	0	0
23S rRNA with mutation conferring resistance to macrolide antibiotics	ARO_3004164__Mavi_23S_CLR__R__a2274g	Mycobacterium avium 23S rRNA with mutation conferring resistance to clarithromycin	glycopeptide antibiotic;lincosamide antibiotic;macrolide antibiotic;phenicol antibiotic;pleuromutilin antibiotic;streptogramin A antibiotic;streptogramin B antibiotic;streptogramin antibiotic	antibiotic target alteration	0.0	0	0	0	0.0	0.0	0.0	0.0	0.0	0.0	0.0	0.0	0.0	0.0	0.0	0	0.0	0.0	0.0	0.0	0.0	0.0	0.0	0.0	0	0.0	0.0	10977.27	0.0	0.0	0.0	0	0.0	0.0	0	0
23S rRNA with mutation conferring resistance to macrolide antibiotics	ARO_3004170__Spne_23S_MAC__R__c2641g	Streptococcus pneumoniae 23S rRNA with mutation conferring resistance to macrolide antibiotics	glycopeptide antibiotic;lincosamide antibiotic;macrolide antibiotic;phenicol antibiotic;pleuromutilin antibiotic;streptogramin A antibiotic;streptogramin B antibiotic;streptogramin antibiotic	antibiotic target alteration	0.0	0	0	0	0.0	0.0	55862.89	0.0	0.0	0.0	0.0	0.0	0.0	0.0	18691.8	0	0.0	0.0	0.0	0.0	0.0	11507.11	0.0	0.0	0	10392.84	0.0	0.0	10222.09	0.0	0.0	0	0.0	26028.85	0	0
23S rRNA with mutation conferring resistance to macrolide antibiotics	ARO_3004174__Ctra_23S_MAC__R__a2107g	Chlamydia trachomatis 23S rRNA with mutation conferring resistance to macrolide antibiotics	glycopeptide antibiotic;lincosamide antibiotic;macrolide antibiotic;phenicol antibiotic;pleuromutilin antibiotic;streptogramin A antibiotic;streptogramin B antibiotic;streptogramin antibiotic	antibiotic target alteration	0.0	0	0	0	0.0	0.0	0.0	35733.37	0.0	24745.04	16450.82	57433.37	0.0	0.0	0.0	0	0.0	0.0	0.0	0.0	0.0	0.0	0.0	0.0	0	0.0	0.0	0.0	0.0	0.0	0.0	0	0.0	0.0	0	0
23S rRNA with mutation conferring resistance to macrolide antibiotics	ARO_3004174__Ctra_23S_MAC__R__a2663c_t2663c	Chlamydia trachomatis 23S rRNA with mutation conferring resistance to macrolide antibiotics	glycopeptide antibiotic;lincosamide antibiotic;macrolide antibiotic;phenicol antibiotic;pleuromutilin antibiotic;streptogramin A antibiotic;streptogramin B antibiotic;streptogramin antibiotic	antibiotic target alteration	0.0	0	0	0	0.0	0.0	44143.08	71466.75	82749.97	61862.6	65803.27	91893.4	0.0	0.0	0.0	0	0.0	0.0	0.0	0.0	0.0	0.0	0.0	0.0	0	0.0	0.0	0.0	0.0	20173.96	0.0	0	0.0	0.0	0	0
23S rRNA with mutation conferring resistance to macrolide antibiotics	ARO_3004836__Ngon_23S_AZM__R__a2045g	Neisseria gonorrhoeae 23S rRNA with mutation conferring resistance to azithromycin	glycopeptide antibiotic;lincosamide antibiotic;macrolide antibiotic;phenicol antibiotic;pleuromutilin antibiotic;streptogramin A antibiotic;streptogramin B antibiotic;streptogramin antibiotic	antibiotic target alteration	0.0	0	0	0	0.0	0.0	0.0	0.0	0.0	0.0	0.0	0.0	0.0	0.0	0.0	0	9436.55	0.0	0.0	0.0	0.0	0.0	0.0	0.0	0	0.0	0.0	0.0	0.0	0.0	0.0	0	0.0	0.0	0	0
23S rRNA with mutation conferring resistance to oxazolidinone antibiotics	ARO_3004173__Ecol_23S_OXZ__R__g2447t	Escherichia coli 23S rRNA with mutation conferring resistance to oxazolidinone antibiotics	glycopeptide antibiotic;lincosamide antibiotic;macrolide antibiotic;oxazolidinone antibiotic;phenicol antibiotic;pleuromutilin antibiotic;streptogramin A antibiotic;streptogramin B antibiotic;streptogramin antibiotic	antibiotic target alteration	0.0	0	0	0	0.0	0.0	0.0	0.0	0.0	0.0	0.0	0.0	0.0	0.0	9345.9	0	0.0	0.0	0.0	0.0	0.0	0.0	0.0	0.0	0	0.0	0.0	0.0	0.0	10212.02	0.0	0	0.0	13014.43	0	0
23S rRNA with mutation conferring resistance to pleuromutilin antibiotics	ARO_3005083__Tthe_23S_PLM__R__t2500a	Thermus thermophilus 23s rRNA conferring resistance to pleuromutilin antibiotics	glycopeptide antibiotic;lincosamide antibiotic;macrolide antibiotic;phenicol antibiotic;pleuromutilin antibiotic;streptogramin A antibiotic;streptogramin B antibiotic;streptogramin antibiotic	antibiotic target alteration	0.0	0	0	0	0.0	0.0	0.0	0.0	0.0	0.0	0.0	0.0	0.0	0.0	0.0	0	0.0	0.0	0.0	0.0	0.0	0.0	0.0	0.0	0	0.0	0.0	0.0	0.0	0.0	0.0	0	13532.16	0.0	0	0
antibiotic-resistant UhpT	ARO_3003890__Ecol_UhpT_FOF__V__E350Q	Escherichia coli UhpT with mutation conferring resistance to fosfomycin	phosphonic acid antibiotic	antibiotic target alteration	0.0	0	0	0	8289203.02	205146.76	0.0	0.0	0.0	0.0	0.0	0.0	3815140.33	0.0	0.0	0	0.0	0.0	0.0	111447.23	206205.43	2208572.1	34489.64	0.0	0	0.0	0.0	24541.13	0.0	0.0	0.0	0	0.0	0.0	0	0
fluoroquinolone resistant gyrA;triclosan resistant gyrA	ARO_3003926_3004334_3007751__Sent_gyrA_FLO__V__S83F	Salmonella enterica gyrA conferring resistance to fluoroquinolones;Salmonella enterica gyrA with mutation conferring resistance to triclosan;Salmonella isangi gyrA conferring resistance to fluoroquinolones	disinfecting agents and antiseptics;fluoroquinolone antibiotic;nybomycin-like antibiotic	antibiotic target alteration	0.0	0	0	0	0.0	9024.28	0.0	0.0	0.0	0.0	0.0	0.0	0.0	0.0	0.0	0	0.0	0.0	0.0	0.0	0.0	0.0	0.0	0.0	0	0.0	0.0	0.0	0.0	0.0	0.0	0	0.0	0.0	0	0
fluoroquinolone resistant gyrB	ARO_3003306__Mmor_gyrB_FLO__V__S463A	Morganella morganii gyrB conferring resistance to fluoroquinolones	aminocoumarin antibiotic;fluoroquinolone antibiotic	antibiotic target alteration	0.0	0	0	0	0.0	0.0	0.0	0.0	0.0	0.0	0.0	0.0	0.0	87453.4	56191.49	0	0.0	36582.92	1173984.17	10706.32	0.0	0.0	0.0	0.0	0	0.0	0.0	0.0	0.0	0.0	0.0	0	0.0	0.0	0	0
